Image_Name,Worm_ID,x1,y1,x2,y2
IMG_2725.JPG,1,649,678,3337,3024
IMG_2692.JPG,1,665,694,3249,3024
IMG_2673.JPG,1,594,705,3202,3024
IMG_2317.JPG,1,682,877,3375,3024
IMG_2317.JPG,2,3846,21,4032,194
IMG_2776.JPG,1,2932,1594,2964,1672
IMG_2776.JPG,2,2335,1375,2926,1831
IMG_2776.JPG,3,409,289,2984,2649
IMG_2599.JPG,1,865,1012,1011,1189
IMG_2599.JPG,2,201,701,871,2680
IMG_2599.JPG,3,3984,0,4032,22
IMG_2401.JPG,1,542,509,3262,3024
IMG_2682.JPG,1,1096,2764,1190,2796
IMG_2682.JPG,2,501,1168,529,1193
IMG_2682.JPG,3,268,558,3039,3024
IMG_2341.JPG,1,1941,148,1970,167
IMG_2341.JPG,2,638,137,3220,2714
IMG_2726.JPG,1,776,761,3462,3024
IMG_2650.JPG,1,369,576,3042,3024
IMG_2762.JPG,1,764,826,1395,3024
IMG_2762.JPG,2,1328,822,2738,2972
IMG_2762.JPG,3,1336,577,3440,3024
IMG_2769.JPG,1,484,393,3153,3024
IMG_2688.JPG,1,582,1324,680,2280
IMG_2688.JPG,2,685,1191,2977,2339
IMG_2688.JPG,3,698,506,3173,3024
IMG_2347.JPG,1,630,523,3231,3024
IMG_2619.JPG,1,661,1052,2554,2195
IMG_2619.JPG,2,458,451,2761,3024
IMG_2557.JPG,1,147,312,2837,2981
IMG_2373.JPG,1,2224,417,2406,473
IMG_2373.JPG,2,565,384,3306,3024
IMG_2699.JPG,1,1145,639,2687,2248
IMG_2699.JPG,2,298,169,3029,2892
IMG_2607.JPG,1,2112,2810,2164,2883
IMG_2607.JPG,2,530,2499,545,2538
IMG_2607.JPG,3,457,1617,546,2475
IMG_2607.JPG,4,551,1576,3044,2561
IMG_2607.JPG,5,545,1558,3150,3024
IMG_2607.JPG,6,563,721,3043,1571
IMG_2593.JPG,1,1623,330,1908,455
IMG_2593.JPG,2,367,311,3059,2995
IMG_2786.JPG,1,290,1095,438,1479
IMG_2786.JPG,2,499,964,520,994
IMG_2786.JPG,3,524,932,544,957
IMG_2786.JPG,4,572,868,595,896
IMG_2786.JPG,5,775,841,2584,2786
IMG_2786.JPG,6,615,819,640,845
IMG_2786.JPG,7,694,645,835,763
IMG_2786.JPG,8,258,374,3039,3024
IMG_2350.JPG,1,670,701,3282,3024
IMG_2670.JPG,1,461,417,3113,3024
IMG_2568.JPG,1,215,673,2952,3024
IMG_2523.JPG,1,418,2126,425,2210
IMG_2523.JPG,2,1087,1965,3018,2458
IMG_2523.JPG,3,419,837,3054,3024
IMG_2523.JPG,4,3719,91,3976,369
IMG_2523.JPG,5,3978,4,4032,186
IMG_2366.JPG,1,707,639,3350,3024
IMG_2562.JPG,1,1700,2940,1730,2966
IMG_2562.JPG,2,303,589,2929,3000
IMG_2368.JPG,1,745,514,3315,3024
IMG_2528.JPG,1,404,663,3105,3024
IMG_2564.JPG,1,294,554,2965,3024
IMG_2659.JPG,1,357,493,2985,3024
IMG_2358.JPG,1,1170,1288,3017,3024
IMG_2358.JPG,2,0,0,88,160
IMG_2658.JPG,1,695,538,3311,3024
IMG_2681.JPG,1,289,607,3002,3024
IMG_2752.JPG,1,1102,428,3268,3024
IMG_2370.JPG,1,604,683,3307,3024
IMG_2653.JPG,1,722,1188,852,1316
IMG_2653.JPG,2,565,507,3191,3024
IMG_2763.JPG,1,704,537,3205,3024
IMG_2819.JPG,1,351,414,3008,3024
IMG_2322.JPG,1,875,371,3531,3024
IMG_2296.JPG,1,825,504,3496,3024
IMG_2376.JPG,1,566,560,3175,3024
IMG_2690.JPG,1,1284,1356,2923,2643
IMG_2690.JPG,2,347,581,3069,3024
IMG_2594.JPG,1,802,774,846,807
IMG_2594.JPG,2,729,690,819,755
IMG_2594.JPG,3,230,356,2938,3024
IMG_2652.JPG,1,1110,3002,1141,3022
IMG_2652.JPG,2,2491,2865,2705,3024
IMG_2652.JPG,3,473,499,3168,3024
IMG_2403.JPG,1,748,336,2735,2988
IMG_2765.JPG,1,554,565,3197,3024
IMG_2697.JPG,1,458,322,3078,2936
IMG_2397.JPG,1,718,509,3437,3024
IMG_2589.JPG,1,84,588,2824,3024
IMG_2687.JPG,1,1695,1039,2367,2889
IMG_2687.JPG,2,591,700,3224,2949
IMG_2565.JPG,1,289,573,2972,3024
IMG_2798.JPG,1,302,123,3037,2848
IMG_2571.JPG,1,251,640,2607,3024
IMG_2586.JPG,1,288,534,2950,3024
IMG_2713.JPG,1,525,349,3149,2977
IMG_2311.JPG,1,2932,2894,2959,2920
IMG_2311.JPG,2,1366,1157,1462,1260
IMG_2311.JPG,3,1134,823,3366,3024
IMG_2349.JPG,1,785,222,3357,2795
IMG_2720.JPG,1,640,361,3343,3024
IMG_2771.JPG,1,494,346,3162,3009
IMG_2764.JPG,1,745,2616,763,2648
IMG_2764.JPG,2,680,2469,713,2549
IMG_2764.JPG,3,631,2312,679,2464
IMG_2764.JPG,4,619,2254,632,2310
IMG_2764.JPG,5,591,2040,619,2250
IMG_2764.JPG,6,592,1772,608,1915
IMG_2764.JPG,7,634,1531,668,1638
IMG_2764.JPG,8,999,936,1270,1743
IMG_2764.JPG,9,666,606,3325,3024
IMG_2529.JPG,1,441,655,3086,3024
IMG_2396.JPG,1,570,1579,617,1628
IMG_2396.JPG,2,2922,858,2965,911
IMG_2396.JPG,3,1412,701,2987,2449
IMG_2396.JPG,4,565,362,3261,3024
IMG_2580.JPG,1,2258,2956,2298,2975
IMG_2580.JPG,2,2301,2923,2366,2956
IMG_2580.JPG,3,523,2337,543,2376
IMG_2580.JPG,4,372,350,3105,2957
IMG_2702.JPG,1,587,463,3158,3024
IMG_2574.JPG,1,125,599,2870,3024
IMG_2676.JPG,1,327,434,3034,3024
IMG_2605.JPG,1,703,2574,2329,3005
IMG_2605.JPG,2,2375,1262,2516,2485
IMG_2605.JPG,3,688,1121,2370,2569
IMG_2605.JPG,4,365,410,2329,2550
IMG_2519.JPG,1,695,787,3323,3024
IMG_2303.JPG,1,2437,2124,2646,2242
IMG_2303.JPG,2,2511,1281,2536,1309
IMG_2303.JPG,3,1829,1279,2689,2286
IMG_2303.JPG,4,849,666,2671,3024
IMG_2683.JPG,1,442,610,3132,3024
IMG_2355.JPG,1,2079,2753,2119,2793
IMG_2355.JPG,2,2267,2659,2292,2688
IMG_2355.JPG,3,2829,1279,2864,1307
IMG_2355.JPG,4,710,715,2874,2931
IMG_2569.JPG,1,192,495,2917,3024
IMG_2750.JPG,1,476,404,3173,3024
IMG_2561.JPG,1,293,626,2943,3024
IMG_2313.JPG,1,1948,2747,1992,2784
IMG_2313.JPG,2,1441,1381,2751,2576
IMG_2313.JPG,3,1442,1381,1606,1444
IMG_2313.JPG,4,799,574,3404,2840
IMG_2560.JPG,1,315,453,2948,3024
IMG_2392.JPG,1,744,305,3410,2971
IMG_2380.JPG,1,788,1690,815,1716
IMG_2380.JPG,2,648,167,3193,2733
IMG_2677.JPG,1,328,354,3037,3024
IMG_2316.JPG,1,555,712,3179,3024
IMG_2527.JPG,1,885,969,1994,3000
IMG_2527.JPG,2,317,618,3015,3024
IMG_2693.JPG,1,633,647,3257,3024
IMG_2809.JPG,1,2445,2983,2510,3017
IMG_2809.JPG,2,2516,2966,2549,2989
IMG_2809.JPG,3,2476,2945,2498,2980
IMG_2809.JPG,4,747,431,3383,3024
IMG_2306.JPG,1,697,859,3329,3024
IMG_2372.JPG,1,794,2433,837,2472
IMG_2372.JPG,2,593,355,3249,3024
IMG_2748.JPG,1,534,385,3163,3016
IMG_2787.JPG,1,160,272,2893,2977
IMG_2691.JPG,1,435,560,3080,3024
IMG_2741.JPG,1,586,2643,602,2680
IMG_2741.JPG,2,522,2440,543,2516
IMG_2741.JPG,3,485,2159,523,2437
IMG_2741.JPG,4,484,732,3233,3024
IMG_2315.JPG,1,758,375,3338,2946
IMG_2709.JPG,1,522,566,3171,3024
IMG_2353.JPG,1,1093,1479,2754,2886
IMG_2353.JPG,2,644,811,3344,3024
IMG_2804.JPG,1,218,437,2861,3024
IMG_2522.JPG,1,395,2115,404,2176
IMG_2522.JPG,2,390,1847,531,2850
IMG_2522.JPG,3,536,1361,2699,2886
IMG_2522.JPG,4,906,1137,998,1207
IMG_2522.JPG,5,532,895,3081,3024
IMG_2522.JPG,6,3856,0,4032,210
IMG_2775.JPG,1,302,380,2930,2989
IMG_2714.JPG,1,560,705,3194,3024
IMG_2700.JPG,1,438,515,3051,3024
IMG_2803.JPG,1,155,387,2852,3024
IMG_2302.JPG,1,858,663,3474,3024
IMG_2754.JPG,1,1805,1429,2564,2426
IMG_2754.JPG,2,1613,363,3155,3024
IMG_2718.JPG,1,495,666,3207,3024
IMG_2694.JPG,1,588,236,3288,2933
IMG_2379.JPG,1,726,346,3308,2935
IMG_2665.JPG,1,2998,1409,3018,1482
IMG_2665.JPG,2,378,438,3011,3024
IMG_2751.JPG,1,387,516,3039,3024
IMG_2655.JPG,1,613,513,3193,3024
IMG_2756.JPG,1,379,365,3047,3024
IMG_2730.JPG,1,2760,2876,2793,2902
IMG_2730.JPG,2,744,1575,788,1607
IMG_2730.JPG,3,977,1031,3076,3024
IMG_2730.JPG,4,892,1009,2614,2967
IMG_2730.JPG,5,365,697,2587,3024
IMG_2730.JPG,6,3993,23,4032,99
IMG_2345.JPG,1,710,455,3319,3024
IMG_2346.JPG,1,3189,2297,3308,2424
IMG_2346.JPG,2,715,858,3340,3024
IMG_2705.JPG,1,489,372,3146,3024
IMG_2711.JPG,1,3698,2896,3956,3024
IMG_2711.JPG,2,1579,1727,1659,1809
IMG_2711.JPG,3,382,1482,1762,2981
IMG_2711.JPG,4,900,1251,1111,1468
IMG_2711.JPG,5,3644,0,4032,236
IMG_2679.JPG,1,2240,2790,2301,2840
IMG_2679.JPG,2,2311,2789,3224,3024
IMG_2679.JPG,3,2075,1645,3474,2784
IMG_2679.JPG,4,2004,734,3533,2401
IMG_2760.JPG,1,561,362,3191,2819
IMG_2382.JPG,1,503,391,3174,3024
IMG_2731.JPG,1,3105,1444,3130,1517
IMG_2731.JPG,2,1812,1095,2290,3007
IMG_2731.JPG,3,556,569,3122,3024
IMG_2662.JPG,1,541,215,3184,2860
IMG_2378.JPG,1,570,466,3158,3024
IMG_2649.JPG,1,435,692,1020,2894
IMG_2649.JPG,2,1025,675,2004,3004
IMG_2649.JPG,3,1054,456,3102,3024
IMG_2790.JPG,1,536,339,3255,3024
IMG_2783.JPG,1,2145,2958,2167,2984
IMG_2783.JPG,2,424,438,3148,3024
IMG_2793.JPG,1,555,1111,2944,1902
IMG_2793.JPG,2,325,335,3068,3024
IMG_2757.JPG,1,706,641,3405,3024
IMG_2669.JPG,1,588,385,3264,3024
IMG_2304.JPG,1,796,597,3455,3024
IMG_2737.JPG,1,1663,2875,2071,2901
IMG_2737.JPG,2,1555,729,2427,2870
IMG_2737.JPG,3,1045,387,3105,2845
IMG_2340.JPG,1,576,427,3256,3024
IMG_2795.JPG,1,1387,1988,1410,2107
IMG_2795.JPG,2,1415,693,2687,2655
IMG_2795.JPG,3,718,507,3292,3024
IMG_2685.JPG,1,512,624,3113,3024
IMG_2706.JPG,1,469,459,3104,3024
IMG_2338.JPG,1,657,732,3362,3024
IMG_2570.JPG,1,62,625,2784,3024
IMG_2354.JPG,1,760,587,3442,3024
IMG_2624.JPG,1,461,769,3228,3024
IMG_2351.JPG,1,749,569,3457,3024
IMG_2517.JPG,1,779,773,3417,3024
IMG_2363.JPG,1,1367,753,3555,3024
IMG_2521.JPG,1,388,1869,447,2629
IMG_2521.JPG,2,452,1285,2679,2943
IMG_2521.JPG,3,789,872,2661,1280
IMG_2521.JPG,4,3704,0,4032,348
IMG_2710.JPG,1,483,311,3087,2909
IMG_2584.JPG,1,233,219,2174,2856
IMG_2707.JPG,1,639,414,3248,3019
IMG_2671.JPG,1,1717,2772,1843,2853
IMG_2671.JPG,2,548,527,3149,2943
IMG_2617.JPG,1,218,247,2883,2882
IMG_2695.JPG,1,569,580,3228,3024
IMG_2342.JPG,1,989,1277,3284,2174
IMG_2342.JPG,2,881,497,3583,3024
IMG_2704.JPG,1,388,512,3107,3024
IMG_2739.JPG,1,1492,2945,2325,3024
IMG_2739.JPG,2,1436,2945,1487,2960
IMG_2739.JPG,3,1392,795,2727,2940
IMG_2739.JPG,4,593,446,3169,2927
IMG_2736.JPG,1,411,382,3104,3024
IMG_2298.JPG,1,717,505,3336,3024
IMG_2598.JPG,1,121,291,2788,2935
IMG_2612.JPG,1,328,211,3044,2909
IMG_2609.JPG,1,2663,1665,2695,1835
IMG_2609.JPG,2,176,1330,2729,3024
IMG_2609.JPG,3,347,1319,2656,1940
IMG_2609.JPG,4,2254,806,2296,835
IMG_2609.JPG,5,350,601,2528,1314
IMG_2513.JPG,1,837,1457,3038,1980
IMG_2513.JPG,2,806,807,3514,3024
IMG_2789.JPG,1,952,2787,987,2813
IMG_2789.JPG,2,1319,1174,2559,2536
IMG_2789.JPG,3,998,507,3213,3024
IMG_2789.JPG,4,2480,479,2527,506
IMG_2789.JPG,5,2387,433,2445,461
IMG_2596.JPG,1,2239,2928,2268,2954
IMG_2596.JPG,2,2370,2922,2447,2993
IMG_2596.JPG,3,2339,2900,2354,2941
IMG_2596.JPG,4,2300,2895,2322,2936
IMG_2596.JPG,5,356,643,3027,3024
IMG_2305.JPG,1,783,609,3083,3024
IMG_2801.JPG,1,440,497,3145,3024
IMG_2651.JPG,1,634,859,3280,3024
IMG_2364.JPG,1,797,694,3418,3024
IMG_2356.JPG,1,800,681,3413,3024
IMG_2615.JPG,1,245,350,2920,3006
IMG_2618.JPG,1,342,351,2915,2986
IMG_2816.JPG,1,552,669,3214,3024
IMG_2767.JPG,1,1169,718,3007,2279
IMG_2767.JPG,2,540,391,3235,3024
IMG_2672.JPG,1,1362,2899,1477,2988
IMG_2672.JPG,2,2549,1452,2587,1516
IMG_2672.JPG,3,2549,1408,2566,1445
IMG_2672.JPG,4,294,391,2638,3020
IMG_2525.JPG,1,570,712,3225,3024
IMG_2576.JPG,1,2839,2345,2858,2373
IMG_2576.JPG,2,2788,2303,2807,2332
IMG_2576.JPG,3,946,2219,989,2247
IMG_2576.JPG,4,439,793,767,2466
IMG_2576.JPG,5,773,738,801,759
IMG_2576.JPG,6,772,574,2527,2513
IMG_2576.JPG,7,778,301,3117,2971
IMG_2603.JPG,1,387,645,3051,3024
IMG_2724.JPG,1,724,420,3395,3024
IMG_2367.JPG,1,810,653,3430,3024
IMG_2722.JPG,1,246,763,2815,3024
IMG_2667.JPG,1,568,453,3246,3024
IMG_2608.JPG,1,1425,1672,3236,2159
IMG_2608.JPG,2,1591,1649,1645,1667
IMG_2608.JPG,3,1601,1620,1624,1642
IMG_2608.JPG,4,621,371,3245,2994
IMG_2782.JPG,1,739,329,3426,3024
IMG_2749.JPG,1,404,472,3099,3024
IMG_2524.JPG,1,1011,1967,3020,2442
IMG_2524.JPG,2,373,887,3051,3024
IMG_2524.JPG,3,3789,0,4032,332
IMG_2712.JPG,1,3257,2593,4032,3024
IMG_2712.JPG,2,922,2401,951,2422
IMG_2712.JPG,3,446,968,1702,2417
IMG_2712.JPG,4,3750,272,4032,393
IMG_2712.JPG,5,3504,0,4032,263
IMG_2712.JPG,6,0,0,138,95
IMG_2556.JPG,1,212,341,2844,2960
IMG_2781.JPG,1,604,629,3220,3024
IMG_2348.JPG,1,693,354,3268,2927
IMG_2814.JPG,1,2857,2090,2932,2238
IMG_2814.JPG,2,382,321,3065,2993
IMG_2399.JPG,1,607,701,3311,3024
IMG_2319.JPG,1,869,465,3545,3024
IMG_2747.JPG,1,425,533,3149,3024
IMG_2393.JPG,1,716,288,3341,2915
IMG_2719.JPG,1,382,484,3099,3024
IMG_2585.JPG,1,311,166,2985,2818
IMG_2805.JPG,1,1451,830,2794,2128
IMG_2805.JPG,2,518,335,3170,2985
IMG_2623.JPG,1,290,569,3055,3024
IMG_2361.JPG,1,1038,424,3716,3024
IMG_2386.JPG,1,698,803,3301,3024
IMG_2611.JPG,1,1453,1198,1479,1223
IMG_2611.JPG,2,665,1175,2945,3024
IMG_2611.JPG,3,2028,1042,2061,1066
IMG_2611.JPG,4,1975,1039,2014,1085
IMG_2611.JPG,5,2952,1038,3178,2508
IMG_2611.JPG,6,2045,1015,2065,1042
IMG_2611.JPG,7,1866,1009,1972,1066
IMG_2611.JPG,8,922,1009,2947,2514
IMG_2611.JPG,9,974,453,2929,1004
IMG_2723.JPG,1,839,722,3506,3024
IMG_2344.JPG,1,906,625,3579,3024
IMG_2645.JPG,1,1454,2141,1526,2183
IMG_2645.JPG,2,3613,323,3770,510
IMG_2645.JPG,3,3602,303,3622,330
IMG_2645.JPG,4,3539,251,3602,317
IMG_2645.JPG,5,3143,0,4032,945
IMG_2735.JPG,1,463,642,3039,3024
IMG_2389.JPG,1,513,696,3033,3024
IMG_2314.JPG,1,812,613,3445,3024
IMG_2622.JPG,1,454,686,3157,3024
IMG_2374.JPG,1,752,656,3388,3024
IMG_2802.JPG,1,451,433,3148,3024
IMG_2573.JPG,1,153,619,2864,3024
IMG_2663.JPG,1,437,332,3101,2996
IMG_2774.JPG,1,379,345,3045,2997
IMG_2567.JPG,1,404,570,3028,3024
IMG_2773.JPG,1,471,602,3058,3024
IMG_2779.JPG,1,477,373,3152,3024
IMG_2300.JPG,1,802,681,3523,3024
IMG_2554.JPG,1,269,585,2995,3024
IMG_2592.JPG,1,541,327,3235,3024
IMG_2357.JPG,1,764,781,3423,3024
IMG_2590.JPG,1,106,608,2857,3024
IMG_2323.JPG,1,748,616,3418,3024
IMG_2664.JPG,1,2762,1680,3123,2280
IMG_2664.JPG,2,544,464,3225,3024
IMG_2308.JPG,1,883,661,2724,3024
IMG_2515.JPG,1,1176,2653,1207,2709
IMG_2515.JPG,2,2749,604,2778,628
IMG_2515.JPG,3,803,409,3495,3024
IMG_2600.JPG,1,647,1418,2746,2353
IMG_2600.JPG,2,667,882,2942,3024
IMG_2642.JPG,1,620,639,3272,3024
IMG_2563.JPG,1,292,623,2942,3024
IMG_2583.JPG,1,458,1299,484,1327
IMG_2583.JPG,2,407,331,3052,2964
IMG_2780.JPG,1,2465,2545,2726,2706
IMG_2780.JPG,2,2866,2384,2902,2421
IMG_2780.JPG,3,2905,2331,2948,2380
IMG_2780.JPG,4,2991,2171,3061,2275
IMG_2780.JPG,5,3063,2101,3100,2165
IMG_2780.JPG,6,3112,2030,3135,2076
IMG_2780.JPG,7,3148,1889,3191,1999
IMG_2780.JPG,8,516,91,3262,2834
IMG_2310.JPG,1,851,441,3503,3024
IMG_2614.JPG,1,2615,749,2661,808
IMG_2614.JPG,2,322,275,2917,2862
IMG_2377.JPG,1,494,386,3077,2973
IMG_2606.JPG,1,733,1480,3134,1969
IMG_2606.JPG,2,458,409,3170,3024
IMG_2566.JPG,1,549,542,3088,3024
IMG_2708.JPG,1,560,373,3199,3012
IMG_2806.JPG,1,370,443,3048,3024
IMG_2799.JPG,1,377,151,3011,2769
IMG_2817.JPG,1,2893,2675,2923,2706
IMG_2817.JPG,2,545,515,3237,3024
IMG_2812.JPG,1,2195,2683,2339,2764
IMG_2812.JPG,2,1411,2516,1674,2799
IMG_2812.JPG,3,1866,2296,2339,2764
IMG_2812.JPG,4,1747,2178,1809,2194
IMG_2812.JPG,5,1186,960,2334,2195
IMG_2812.JPG,6,419,157,3129,2860
IMG_2654.JPG,1,822,516,3435,3024
IMG_2680.JPG,1,605,834,3290,3024
IMG_2680.JPG,2,3857,0,4032,126
IMG_2797.JPG,1,403,439,3146,3024
IMG_2402.JPG,1,700,534,3294,3024
IMG_2674.JPG,1,411,705,3137,3024
IMG_2395.JPG,1,590,442,3239,3024
IMG_2578.JPG,1,237,287,2948,2982
IMG_2820.JPG,1,417,642,3094,3024
IMG_2742.JPG,1,463,611,3216,3024
IMG_2753.JPG,1,3278,1508,3300,1652
IMG_2753.JPG,2,3263,1444,3279,1507
IMG_2753.JPG,3,3225,1318,3265,1443
IMG_2753.JPG,4,3074,1098,3306,2525
IMG_2753.JPG,5,3116,1084,3148,1143
IMG_2753.JPG,6,1159,1048,3069,2540
IMG_2753.JPG,7,631,427,3082,3024
IMG_2647.JPG,1,571,1400,2878,2537
IMG_2647.JPG,2,424,660,3133,3024
IMG_2512.JPG,1,959,1547,1017,1585
IMG_2512.JPG,2,871,1235,3090,1642
IMG_2512.JPG,3,821,525,3518,3024
IMG_2343.JPG,1,994,2506,1059,2550
IMG_2343.JPG,2,747,519,3403,3024
IMG_2738.JPG,1,496,375,3103,2905
IMG_2738.JPG,2,1375,374,2187,2722
IMG_2738.JPG,3,1409,307,2158,369
IMG_2740.JPG,1,473,335,3157,3014
IMG_2643.JPG,1,2099,3017,2403,3024
IMG_2643.JPG,2,2146,2964,2178,2985
IMG_2643.JPG,3,1679,1047,2534,3012
IMG_2643.JPG,4,610,804,3236,3024
IMG_2365.JPG,1,3135,1424,3211,1465
IMG_2365.JPG,2,679,653,3215,3024
IMG_2312.JPG,1,748,799,3378,3024
IMG_2301.JPG,1,579,543,3237,3024
IMG_2398.JPG,1,598,620,3269,3024
IMG_2575.JPG,1,1905,3022,2196,3024
IMG_2575.JPG,2,2096,1658,2145,1684
IMG_2575.JPG,3,2559,944,2953,2766
IMG_2575.JPG,4,1095,899,2554,3017
IMG_2575.JPG,5,283,506,2580,3024
IMG_2390.JPG,1,963,714,990,740
IMG_2390.JPG,2,883,344,3306,2903
IMG_2610.JPG,1,2255,674,3020,3024
IMG_2610.JPG,2,1072,659,2280,2987
IMG_2610.JPG,3,260,614,2244,3024
IMG_2610.JPG,4,1137,513,2244,654
IMG_2369.JPG,1,811,610,3460,3024
IMG_2660.JPG,1,627,626,3027,3024
IMG_2613.JPG,1,312,603,2993,3024
IMG_2729.JPG,1,1720,1978,1890,2134
IMG_2729.JPG,2,2268,1292,2295,1313
IMG_2729.JPG,3,2291,1287,2311,1313
IMG_2729.JPG,4,2662,1277,2687,1301
IMG_2729.JPG,5,2311,1277,2337,1302
IMG_2729.JPG,6,2277,1264,2316,1292
IMG_2729.JPG,7,2774,1255,2791,1287
IMG_2729.JPG,8,2074,1224,2114,1253
IMG_2729.JPG,9,1750,911,1797,963
IMG_2729.JPG,10,1719,872,1741,905
IMG_2729.JPG,11,1711,852,1726,890
IMG_2729.JPG,12,1673,806,1710,836
IMG_2729.JPG,13,1618,699,2929,1329
IMG_2391.JPG,1,600,607,3245,3024
IMG_2768.JPG,1,421,323,2998,2880
IMG_2384.JPG,1,759,298,3406,2947
IMG_2666.JPG,1,484,570,3198,3024
IMG_2297.JPG,1,1369,967,3194,2427
IMG_2297.JPG,2,814,529,3483,3024
IMG_2625.JPG,1,784,642,3417,3024
IMG_2385.JPG,1,558,511,3247,3024
IMG_2597.JPG,1,1312,2848,1394,2919
IMG_2597.JPG,2,970,2675,1026,2731
IMG_2597.JPG,3,667,2369,700,2436
IMG_2597.JPG,4,244,1268,292,1297
IMG_2597.JPG,5,211,221,2940,2933
IMG_2299.JPG,1,715,2412,798,2558
IMG_2299.JPG,2,582,510,3226,3024
IMG_2744.JPG,1,468,269,3129,2925
IMG_2648.JPG,1,357,631,2992,3024
IMG_2307.JPG,1,926,1777,987,1822
IMG_2307.JPG,2,1296,1476,2964,2604
IMG_2307.JPG,3,1425,1329,1456,1355
IMG_2307.JPG,4,848,925,3466,3024
IMG_2572.JPG,1,243,607,2929,3024
IMG_2701.JPG,1,483,431,3134,3024
IMG_2734.JPG,1,422,548,3106,3024
IMG_2668.JPG,1,558,399,3225,3024
IMG_2772.JPG,1,608,2383,1166,3024
IMG_2772.JPG,2,568,2253,610,2367
IMG_2772.JPG,3,526,2005,572,2250
IMG_2772.JPG,4,1312,661,1817,1471
IMG_2772.JPG,5,527,545,3169,2876
IMG_2733.JPG,1,537,665,3134,3024
IMG_2595.JPG,1,189,694,2896,3024
IMG_2721.JPG,1,450,667,3077,3024
IMG_2320.JPG,1,694,575,3276,3024
IMG_E2397.JPG,1,0,0,1157,1157
IMG_2785.JPG,1,493,359,3164,3024
IMG_2728.JPG,1,505,511,3154,3024
IMG_2784.JPG,1,971,713,2848,1863
IMG_2784.JPG,2,478,345,3159,3021
IMG_2388.JPG,1,897,526,3484,3024
IMG_2309.JPG,1,879,648,3489,3024
IMG_2758.JPG,1,1303,2617,2721,2791
IMG_2758.JPG,2,766,622,1279,2634
IMG_2758.JPG,3,2744,576,3326,2604
IMG_2758.JPG,4,1284,547,2739,2612
IMG_2758.JPG,5,1402,367,2689,542
IMG_2604.JPG,1,1228,502,2034,2977
IMG_2604.JPG,2,424,500,3170,3024
IMG_2604.JPG,3,1603,478,2015,497
IMG_2675.JPG,1,205,471,2931,3024
IMG_2811.JPG,1,267,343,2988,3024
IMG_2698.JPG,1,478,298,3154,2971
IMG_2656.JPG,1,593,317,3251,2976
IMG_2582.JPG,1,322,656,3048,3024
IMG_2381.JPG,1,676,149,3276,2749
IMG_2520.JPG,1,619,730,3223,3024
IMG_2727.JPG,1,567,514,3285,3024
IMG_2661.JPG,1,2962,999,2982,1035
IMG_2661.JPG,2,620,467,3070,3024
IMG_2807.JPG,1,565,464,3210,3024
IMG_2394.JPG,1,701,494,3285,3024
IMG_2362.JPG,1,743,319,3388,2426
IMG_2321.JPG,1,2238,3004,2265,3024
IMG_2321.JPG,2,2880,2781,2909,2810
IMG_2321.JPG,3,2978,2678,3016,2734
IMG_2321.JPG,4,2993,2649,3024,2680
IMG_2321.JPG,5,3148,2469,3206,2531
IMG_2321.JPG,6,735,495,3392,3024
IMG_2526.JPG,1,922,935,2617,2760
IMG_2526.JPG,2,485,574,3131,3024
IMG_2555.JPG,1,345,379,3036,3024
IMG_2602.JPG,1,3061,1286,3100,1791
IMG_2602.JPG,2,985,1106,3056,1817
IMG_2602.JPG,3,477,380,3080,2891
IMG_2678.JPG,1,547,1418,3046,1871
IMG_2678.JPG,2,485,445,3225,3024
IMG_2715.JPG,1,482,544,3163,3024
IMG_2703.JPG,1,403,444,3072,3024
IMG_2791.JPG,1,494,363,3138,3005
IMG_2621.JPG,1,419,396,3057,3024
IMG_2324.JPG,1,761,336,3385,2968
IMG_2558.JPG,1,343,367,2998,3008
IMG_2577.JPG,1,299,327,2980,2995
IMG_2516.JPG,1,3135,2727,3241,2849
IMG_2516.JPG,2,3256,2643,3298,2704
IMG_2516.JPG,3,773,516,3521,3024
IMG_2559.JPG,1,299,443,2946,3024
IMG_2371.JPG,1,477,349,3142,3005
IMG_2810.JPG,1,285,356,2963,3019
IMG_2732.JPG,1,539,718,3212,3024
IMG_2755.JPG,1,482,438,3141,3024
IMG_2800.JPG,1,444,513,3087,3024
IMG_2601.JPG,1,346,2578,377,2597
IMG_2601.JPG,2,381,2506,413,2538
IMG_2601.JPG,3,257,1763,2596,1925
IMG_2601.JPG,4,234,675,2963,3024
IMG_2808.JPG,1,617,722,3334,3024
IMG_2717.JPG,1,511,434,3126,3024
IMG_2696.JPG,1,549,311,3227,2988
IMG_2620.JPG,1,243,586,2919,3024
IMG_2318.JPG,1,686,588,3306,3024
IMG_2657.JPG,1,316,2436,342,2463
IMG_2657.JPG,2,2616,2265,2635,2295
IMG_2657.JPG,3,1405,1600,1439,1623
IMG_2657.JPG,4,1654,1584,1687,1613
IMG_2657.JPG,5,1488,1561,1511,1592
IMG_2657.JPG,6,1025,1494,1042,1529
IMG_2657.JPG,7,1014,1474,1030,1518
IMG_2657.JPG,8,1007,1436,1040,1457
IMG_2657.JPG,9,1055,1408,1091,1438
IMG_2657.JPG,10,1089,1406,1109,1446
IMG_2657.JPG,11,1099,1399,1126,1419
IMG_2657.JPG,12,1062,1384,1092,1409
IMG_2657.JPG,13,2270,1351,2293,1381
IMG_2657.JPG,14,1036,1349,1059,1374
IMG_2657.JPG,15,1393,1333,1414,1359
IMG_2657.JPG,16,1432,1325,1472,1339
IMG_2657.JPG,17,1265,1312,1301,1344
IMG_2657.JPG,18,298,1293,2673,3024
IMG_2657.JPG,19,1068,1288,1098,1311
IMG_2657.JPG,20,3056,0,4032,1090
IMG_2644.JPG,1,2706,2899,2726,2925
IMG_2644.JPG,2,277,705,3001,3024
IMG_2644.JPG,3,3821,0,4032,275
IMG_2644.JPG,4,3709,0,3818,63
IMG_2743.JPG,1,384,433,3021,3024
IMG_2514.JPG,1,3259,1590,3292,1624
IMG_2514.JPG,2,1447,810,2916,2095
IMG_2514.JPG,3,770,437,3297,2975
IMG_2587.JPG,1,1643,2243,1681,2291
IMG_2587.JPG,2,1633,2130,1677,2176
IMG_2587.JPG,3,1234,2085,1253,2116
IMG_2587.JPG,4,179,363,2927,2433
IMG_2766.JPG,1,408,294,3036,2904
IMG_2581.JPG,1,2142,2063,2163,2089
IMG_2581.JPG,2,1748,2029,1779,2049
IMG_2581.JPG,3,1903,1524,1952,1542
IMG_2581.JPG,4,1943,1455,2102,1545
IMG_2581.JPG,5,999,1322,2171,2113
IMG_2581.JPG,6,335,683,2183,3024
IMG_2581.JPG,7,3860,0,3900,27
IMG_2646.JPG,1,692,1559,2027,2155
IMG_2646.JPG,2,340,1031,2020,3008
IMG_2646.JPG,3,2735,0,4032,707
IMG_2646.JPG,4,0,0,172,106
IMG_2375.JPG,1,436,319,3094,2968
IMG_2770.JPG,1,461,363,3068,2965
IMG_2792.JPG,1,445,187,3146,2888
IMG_2815.JPG,1,609,577,3299,3024
IMG_2588.JPG,1,147,855,2453,3024
IMG_2716.JPG,1,443,566,3141,3024
IMG_2383.JPG,1,754,392,3369,3014
IMG_2591.JPG,1,2486,2448,2522,2489
IMG_2591.JPG,2,140,519,2554,3024
